{"info":{"_postman_id":"27364316-9e17-4e53-a5a6-0a92f5e813db","name":"MDF","schema":"https://schema.getpostman.com/json/collection/v2.1.0/collection.json"},"item":[{"name":"Products","item":[{"name":"All Products","event":[{"listen":"test","script":{"id":"dca192ba-f98f-422b-9569-c30c90989ae9","exec":["var contentTypeHeaderExists = responseHeaders.hasOwnProperty(\"Content-Type\");","tests[\"Has Content-Type\"] = contentTypeHeaderExists;","","if (contentTypeHeaderExists) {","tests[\"Content-Type is application/json\"] =","responseHeaders[\"Content-Type\"].has(\"application/json\");","}","","tests[\"Body contains product_id\"] = responseBody.has(\"id\");","tests[\"Body contains name\"] = responseBody.has(\"name\");","tests[\"Body contains description\"] = responseBody.has(\"description\");","tests[\"Body contains price\"] = responseBody.has(\"price\");","tests[\"Body contains active\"] = responseBody.has(\"active\");","tests[\"Body contains fabricPlanId\"] = responseBody.has(\"fabricPlanId\");"],"type":"text/javascript"}}],"_postman_id":"7053c457-e755-49f5-b17a-c0f0833f078d","protocolProfileBehavior":{"disableBodyPruning":true},"request":{"method":"GET","header":[{"key":"Content-Type","value":"application/json","type":"text"}],"url":{"raw":"{{base_url}}/api/product","host":["{{base_url}}"],"path":["api","product"]}},"response":[]},{"name":"Specific Product","event":[{"listen":"test","script":{"id":"4f67d889-4dd0-4ea8-a12a-288b13247e61","exec":["var contentTypeHeaderExists = responseHeaders.hasOwnProperty(\"Content-Type\");","tests[\"Has Content-Type\"] = contentTypeHeaderExists;","","if (contentTypeHeaderExists) {","tests[\"Content-Type is application/json\"] =","responseHeaders[\"Content-Type\"].has(\"application/json\");","}","","tests[\"Body contains fabricPlanId\"] = responseBody.has(\"fabricPlanId\");","tests[\"Body contains name\"] = responseBody.has(\"name\");","tests[\"Body contains description\"] = responseBody.has(\"description\");","tests[\"Body contains price\"] = responseBody.has(\"price\");","tests[\"Body contains active\"] = responseBody.has(\"active\");"],"type":"text/javascript"}}],"_postman_id":"594b9ebe-5a8c-4e73-b63f-6ed702140036","protocolProfileBehavior":{"disableBodyPruning":true},"request":{"method":"GET","header":[{"key":"Content-Type","value":"application/json","type":"text"}],"url":{"raw":"{{base_url}}/api/product/1","host":["{{base_url}}"],"path":["api","product","1"]}},"response":[]},{"name":"Create a Product","event":[{"listen":"test","script":{"id":"badfe79e-945d-4e6f-b376-628cf821fa7d","exec":["var contentTypeHeaderExists = responseHeaders.hasOwnProperty(\"Content-Type\");","tests[\"Has Content-Type\"] = contentTypeHeaderExists;","","if (contentTypeHeaderExists) {","tests[\"Content-Type is application/json\"] =","responseHeaders[\"Content-Type\"].has(\"application/json\");","}","","pm.test(\"Status code is 200\", function () {","    pm.response.to.have.status(200);","});"],"type":"text/javascript"}}],"_postman_id":"212c1b41-dcd8-430b-9dea-7f8c5a4fd3da","protocolProfileBehavior":{"disableBodyPruning":true},"request":{"method":"POST","header":[{"key":"Content-Type","value":"application/json","type":"text"}],"body":{"mode":"raw","raw":"{\n\t\"FabricPlanId\": 5,\n    \"Name\": \"pl\",\n    \"Description\": \" Produto novo\",\n    \"Price\": 100,\n    \"Active\": true\n}"},"url":{"raw":"{{base_url}}/api/product/","host":["{{base_url}}"],"path":["api","product",""]}},"response":[]},{"name":"Product Information before Upd","event":[{"listen":"test","script":{"id":"4f67d889-4dd0-4ea8-a12a-288b13247e61","exec":["var contentTypeHeaderExists = responseHeaders.hasOwnProperty(\"Content-Type\");","tests[\"Has Content-Type\"] = contentTypeHeaderExists;","","if (contentTypeHeaderExists) {","tests[\"Content-Type is application/json\"] =","responseHeaders[\"Content-Type\"].has(\"application/json\");","}","","tests[\"Body contains fabricPlanId\"] = responseBody.has(\"fabricPlanId\");","tests[\"Body contains name\"] = responseBody.has(\"name\");","tests[\"Body contains description\"] = responseBody.has(\"description\");","tests[\"Body contains price\"] = responseBody.has(\"price\");","tests[\"Body contains active\"] = responseBody.has(\"active\");"],"type":"text/javascript"}}],"_postman_id":"5ab80ddc-592c-4e07-9ec0-b72978277319","protocolProfileBehavior":{"disableBodyPruning":true},"request":{"method":"GET","header":[{"key":"Content-Type","type":"text","value":"application/json"}],"url":{"raw":"{{base_url}}/api/product/3","host":["{{base_url}}"],"path":["api","product","3"]}},"response":[]},{"name":"Update a Product","event":[{"listen":"test","script":{"id":"7104d175-6968-4033-9eae-0a17bbe43733","exec":["var contentTypeHeaderExists = responseHeaders.hasOwnProperty(\"Content-Type\");","tests[\"Has Content-Type\"] = contentTypeHeaderExists;","","if (contentTypeHeaderExists) {","tests[\"Content-Type is application/json\"] =","responseHeaders[\"Content-Type\"].has(\"application/json\");","}","","tests[\"Status code is 200\"] = responseCode.code === 200;"],"type":"text/javascript"}}],"_postman_id":"458baa19-00f8-4c8f-9607-da44074948ef","protocolProfileBehavior":{"disableBodyPruning":true},"request":{"method":"PUT","header":[{"key":"Content-Type","name":"Content-Type","value":"application/json","type":"text"}],"body":{"mode":"raw","raw":"{\n\t\"fabricPlanId\": 6,\n    \"name\": \"plano de fabrico do produto 3 update\",\n    \"description\": \" descrição do prod update\",\n    \"price\": 1003,\n    \"active\": false\n}"},"url":{"raw":"{{base_url}}/api/product/3","host":["{{base_url}}"],"path":["api","product","3"]}},"response":[]},{"name":"Updated Product","event":[{"listen":"test","script":{"id":"4f67d889-4dd0-4ea8-a12a-288b13247e61","exec":["var contentTypeHeaderExists = responseHeaders.hasOwnProperty(\"Content-Type\");","tests[\"Has Content-Type\"] = contentTypeHeaderExists;","","if (contentTypeHeaderExists) {","tests[\"Content-Type is application/json\"] =","responseHeaders[\"Content-Type\"].has(\"application/json\");","}","","tests[\"Body contains fabricPlanId\"] = responseBody.has(\"fabricPlanId\");","tests[\"Body contains name\"] = responseBody.has(\"name\");","tests[\"Body contains description\"] = responseBody.has(\"description\");","tests[\"Body contains price\"] = responseBody.has(\"price\");","tests[\"Body contains active\"] = responseBody.has(\"active\");"],"type":"text/javascript"}}],"_postman_id":"fc6a5fb0-6f35-4ae2-aaf5-9c4deda72bb8","protocolProfileBehavior":{"disableBodyPruning":true},"request":{"method":"GET","header":[{"key":"Content-Type","type":"text","value":"application/json"}],"url":{"raw":"{{base_url}}/api/product/3","host":["{{base_url}}"],"path":["api","product","3"]}},"response":[]},{"name":"Delete a specific Product","event":[{"listen":"test","script":{"id":"3357c4ba-c1b3-4867-bc82-fd49692c9cbd","exec":["var contentTypeHeaderExists = responseHeaders.hasOwnProperty(\"Content-Type\");","tests[\"Has Content-Type\"] = contentTypeHeaderExists;","","if (contentTypeHeaderExists) {","tests[\"Content-Type is application/json\"] =","responseHeaders[\"Content-Type\"].has(\"application/json\");","}","","tests[\"Status code is 201\"] = responseCode.code === 201;"],"type":"text/javascript"}}],"_postman_id":"e55f2048-5995-4737-82d1-b326ce40a274","protocolProfileBehavior":{"disableBodyPruning":true},"request":{"method":"DELETE","header":[{"key":"Content-Type","value":"application/json","type":"text"}],"url":{"raw":"{{base_url}}/api/product/31","host":["{{base_url}}"],"path":["api","product","31"]}},"response":[]},{"name":"Product after Delete","event":[{"listen":"test","script":{"id":"4f67d889-4dd0-4ea8-a12a-288b13247e61","exec":["var contentTypeHeaderExists = responseHeaders.hasOwnProperty(\"Content-Type\");","tests[\"Has Content-Type\"] = contentTypeHeaderExists;","","if (contentTypeHeaderExists) {","tests[\"Content-Type is application/json\"] =","responseHeaders[\"Content-Type\"].has(\"application/json\");","}"],"type":"text/javascript"}}],"_postman_id":"dd3c6c4c-b30c-450a-b42d-a09721693335","protocolProfileBehavior":{"disableBodyPruning":true},"request":{"method":"GET","header":[{"key":"Content-Type","value":"application/json","type":"text"}],"url":{"raw":"{{base_url}}/api/product/31","host":["{{base_url}}"],"path":["api","product","31"]}},"response":[]}],"_postman_id":"eb09bdce-9ba8-4c57-b6f9-2cfa11dba06d"},{"name":"FabricPlan","item":[{"name":"All fabric plans","event":[{"listen":"test","script":{"id":"dca192ba-f98f-422b-9569-c30c90989ae9","exec":["var contentTypeHeaderExists = responseHeaders.hasOwnProperty(\"Content-Type\");","tests[\"Has Content-Type\"] = contentTypeHeaderExists;","","if (contentTypeHeaderExists) {","tests[\"Content-Type is application/json\"] =","responseHeaders[\"Content-Type\"].has(\"application/json\");","}","","tests[\"Body contains fabricPlanId\"] = responseBody.has(\"id\");","tests[\"Body contains Description\"] = responseBody.has(\"description\");","tests[\"Body contains OperationsIds\"] = responseBody.has(\"operationsIds\");","tests[\"Body contains DateStart\"] = responseBody.has(\"dateStart\");"],"type":"text/javascript"}}],"_postman_id":"cbbc697a-5475-4ce7-a501-809d0ed0bb32","protocolProfileBehavior":{"disableBodyPruning":true},"request":{"method":"GET","header":[{"key":"Content-Type","value":"application/json","type":"text"}],"url":{"raw":"{{base_url}}/api/fabricplan","host":["{{base_url}}"],"path":["api","fabricplan"]}},"response":[]},{"name":"Specific Fabric Plan","event":[{"listen":"test","script":{"id":"4f67d889-4dd0-4ea8-a12a-288b13247e61","exec":["var contentTypeHeaderExists = responseHeaders.hasOwnProperty(\"Content-Type\");","tests[\"Has Content-Type\"] = contentTypeHeaderExists;","","if (contentTypeHeaderExists) {","tests[\"Content-Type is application/json\"] =","responseHeaders[\"Content-Type\"].has(\"application/json\");","}","","tests[\"Body contains fabricPlanId\"] = responseBody.has(\"id\");","tests[\"Body contains Description\"] = responseBody.has(\"description\");","tests[\"Body contains OperationsIds\"] = responseBody.has(\"operationsIds\");","tests[\"Body contains DateStart\"] = responseBody.has(\"dateStart\");"],"type":"text/javascript"}}],"_postman_id":"aee8debb-8814-413e-8b0d-960132fd3977","protocolProfileBehavior":{"disableBodyPruning":true},"request":{"method":"GET","header":[{"key":"Content-Type","value":"application/json","type":"text"}],"url":{"raw":"{{base_url}}/api/fabricplan/1","host":["{{base_url}}"],"path":["api","fabricplan","1"]}},"response":[]},{"name":"Create a Fabric Plan","event":[{"listen":"test","script":{"id":"412befd9-f0c4-4784-8981-bc3df4e651d6","exec":["var contentTypeHeaderExists = responseHeaders.hasOwnProperty(\"Content-Type\");","tests[\"Has Content-Type\"] = contentTypeHeaderExists;","","if (contentTypeHeaderExists) {","tests[\"Content-Type is application/json\"] =","responseHeaders[\"Content-Type\"].has(\"application/json\");","}","","tests[\"Status code is 200\"] = responseCode.code === 200;"],"type":"text/javascript"}}],"_postman_id":"341f17f4-8def-453d-938d-95d3dda32df5","protocolProfileBehavior":{"disableBodyPruning":true},"request":{"method":"POST","header":[{"key":"Content-Type","value":"application/json","type":"text"}],"body":{"mode":"raw","raw":"{\n    \"description\": \" plano de fabrico novo\",\n    \"datestart\": \"2019-10-30T00:00:00\",\n    \"OperationsIds\": [2,4]\n}"},"url":{"raw":"{{base_url}}/api/fabricplan/","host":["{{base_url}}"],"path":["api","fabricplan",""]}},"response":[]},{"name":"Update a fabric plan","event":[{"listen":"test","script":{"id":"7104d175-6968-4033-9eae-0a17bbe43733","exec":["var contentTypeHeaderExists = responseHeaders.hasOwnProperty(\"Content-Type\");","tests[\"Has Content-Type\"] = contentTypeHeaderExists;","","if (contentTypeHeaderExists) {","tests[\"Content-Type is application/json\"] =","responseHeaders[\"Content-Type\"].has(\"application/json\");","}","","tests[\"Status code is 200\"] = responseCode.code === 200;"],"type":"text/javascript"}}],"_postman_id":"eff50cc5-7bf4-4cad-afc7-bc8d823ff5f7","protocolProfileBehavior":{"disableBodyPruning":true},"request":{"method":"PUT","header":[{"key":"Content-Type","value":"application/json","type":"text"}],"body":{"mode":"raw","raw":"{\n    \"description\": \" descrição do fabric plan\",\n    \"OperationsIds\": [1,4]\n}"},"url":{"raw":"{{base_url}}/api/fabricplan/16","host":["{{base_url}}"],"path":["api","fabricplan","16"]}},"response":[]},{"name":"Delete a specific Fabric Plan","event":[{"listen":"test","script":{"id":"3357c4ba-c1b3-4867-bc82-fd49692c9cbd","exec":["var contentTypeHeaderExists = responseHeaders.hasOwnProperty(\"Content-Type\");","tests[\"Has Content-Type\"] = contentTypeHeaderExists;","","if (contentTypeHeaderExists) {","tests[\"Content-Type is application/json\"] =","responseHeaders[\"Content-Type\"].has(\"application/json\");","}","","tests[\"Status code is 200\"] = responseCode.code === 200;"],"type":"text/javascript"}}],"_postman_id":"15e254b0-d46f-46f9-9902-344d0864d771","protocolProfileBehavior":{"disableBodyPruning":true},"request":{"method":"DELETE","header":[{"key":"Content-Type","value":"application/json","type":"text"}],"url":{"raw":"{{base_url}}/api/fabricplan/5","host":["{{base_url}}"],"path":["api","fabricplan","5"]}},"response":[]},{"name":"Specific Fabric Plan after Delete","event":[{"listen":"test","script":{"id":"4f67d889-4dd0-4ea8-a12a-288b13247e61","exec":["var contentTypeHeaderExists = responseHeaders.hasOwnProperty(\"Content-Type\");","tests[\"Has Content-Type\"] = contentTypeHeaderExists;","","if (contentTypeHeaderExists) {","tests[\"Content-Type is application/json\"] =","responseHeaders[\"Content-Type\"].has(\"application/json\");","}","","tests[\"Body contains Description\"] = responseBody.has(\"description\");","tests[\"Body contains OperationsIds\"] = responseBody.has(\"operationsIds\");","tests[\"Body contains DateStart\"] = responseBody.has(\"dateStart\");"],"type":"text/javascript"}}],"_postman_id":"556506f1-9e41-4038-8eeb-5d91f20b63de","protocolProfileBehavior":{"disableBodyPruning":true},"request":{"method":"GET","header":[{"key":"Content-Type","value":"application/json","type":"text"}],"url":{"raw":"{{base_url}}/api/fabricplan/5","host":["{{base_url}}"],"path":["api","fabricplan","5"]}},"response":[]}],"_postman_id":"2a0eb294-dba3-4eb9-8e26-e6a127121748"}],"event":[{"listen":"prerequest","script":{"id":"9ff645df-c8f7-41ab-8227-aa9e8d88b7ac","type":"text/javascript","exec":[""]}},{"listen":"test","script":{"id":"442b52b1-5ce9-469a-a46b-3b7635c4496e","type":"text/javascript","exec":[""]}}],"variable":[{"id":"f1616f03-826e-4410-bc15-544226610ddc","key":"base_url","value":"localhost:44375","type":"string"}]}