{"info":{"_postman_id":"a9169ed1-62da-46cb-9c15-ecec1e1e6f02","name":"MDF","schema":"https://schema.getpostman.com/json/collection/v2.1.0/collection.json"},"item":[{"name":"Products","item":[{"name":"All Products","event":[{"listen":"test","script":{"id":"dca192ba-f98f-422b-9569-c30c90989ae9","exec":["var contentTypeHeaderExists = responseHeaders.hasOwnProperty(\"Content-Type\");","tests[\"Has Content-Type\"] = contentTypeHeaderExists;","","if (contentTypeHeaderExists) {","tests[\"Content-Type is application/json\"] =","responseHeaders[\"Content-Type\"].has(\"application/json\");","}","","tests[\"Body contains product_id\"] = responseBody.has(\"id\");","tests[\"Body contains name\"] = responseBody.has(\"name\");","tests[\"Body contains description\"] = responseBody.has(\"description\");","tests[\"Body contains price\"] = responseBody.has(\"price\");","tests[\"Body contains active\"] = responseBody.has(\"active\");","tests[\"Body contains fabricPlanId\"] = responseBody.has(\"fabricPlanId\");"],"type":"text/javascript"}}],"_postman_id":"66204c01-675e-4722-b9f6-ae3df9683c9c","protocolProfileBehavior":{"disableBodyPruning":true},"request":{"method":"GET","header":[{"key":"Content-Type","value":"application/json","type":"text"}],"url":{"raw":"{{base_url}}/api/product","host":["{{base_url}}"],"path":["api","product"]}},"response":[]},{"name":"Specific Product","event":[{"listen":"test","script":{"id":"4f67d889-4dd0-4ea8-a12a-288b13247e61","exec":["var contentTypeHeaderExists = responseHeaders.hasOwnProperty(\"Content-Type\");","tests[\"Has Content-Type\"] = contentTypeHeaderExists;","","if (contentTypeHeaderExists) {","tests[\"Content-Type is application/json\"] =","responseHeaders[\"Content-Type\"].has(\"application/json\");","}","","tests[\"Body contains fabricPlanId\"] = responseBody.has(\"fabricPlanId\");","tests[\"Body contains name\"] = responseBody.has(\"name\");","tests[\"Body contains description\"] = responseBody.has(\"description\");","tests[\"Body contains price\"] = responseBody.has(\"price\");","tests[\"Body contains active\"] = responseBody.has(\"active\");"],"type":"text/javascript"}}],"_postman_id":"564217a7-e49b-48a0-a5db-1617b517cf73","protocolProfileBehavior":{"disableBodyPruning":true},"request":{"method":"GET","header":[{"key":"Content-Type","value":"application/json","type":"text"}],"url":{"raw":"{{base_url}}/api/product/1","host":["{{base_url}}"],"path":["api","product","1"]}},"response":[]},{"name":"Create a Product","event":[{"listen":"test","script":{"id":"badfe79e-945d-4e6f-b376-628cf821fa7d","exec":["var contentTypeHeaderExists = responseHeaders.hasOwnProperty(\"Content-Type\");","tests[\"Has Content-Type\"] = contentTypeHeaderExists;","","if (contentTypeHeaderExists) {","tests[\"Content-Type is application/json\"] =","responseHeaders[\"Content-Type\"].has(\"application/json\");","}","","pm.test(\"Status code is 200\", function () {","    pm.response.to.have.status(200);","});"],"type":"text/javascript"}}],"_postman_id":"a7fac810-bae5-482e-99dd-68d4877d187d","protocolProfileBehavior":{"disableBodyPruning":true},"request":{"method":"POST","header":[{"key":"Content-Type","value":"application/json","type":"text"}],"body":{"mode":"raw","raw":"{\n\t\"FabricPlanId\": 5,\n    \"Name\": \"pl\",\n    \"Description\": \" Produto novo\",\n    \"Price\": 100,\n    \"Active\": true\n}"},"url":{"raw":"{{base_url}}/api/product/","host":["{{base_url}}"],"path":["api","product",""]}},"response":[]},{"name":"Product Information before Upd","event":[{"listen":"test","script":{"id":"4f67d889-4dd0-4ea8-a12a-288b13247e61","exec":["var contentTypeHeaderExists = responseHeaders.hasOwnProperty(\"Content-Type\");","tests[\"Has Content-Type\"] = contentTypeHeaderExists;","","if (contentTypeHeaderExists) {","tests[\"Content-Type is application/json\"] =","responseHeaders[\"Content-Type\"].has(\"application/json\");","}","","tests[\"Body contains fabricPlanId\"] = responseBody.has(\"fabricPlanId\");","tests[\"Body contains name\"] = responseBody.has(\"name\");","tests[\"Body contains description\"] = responseBody.has(\"description\");","tests[\"Body contains price\"] = responseBody.has(\"price\");","tests[\"Body contains active\"] = responseBody.has(\"active\");"],"type":"text/javascript"}}],"_postman_id":"aefb21e3-7c0f-46cf-8375-f365b1157080","protocolProfileBehavior":{"disableBodyPruning":true},"request":{"method":"GET","header":[{"key":"Content-Type","type":"text","value":"application/json"}],"url":{"raw":"{{base_url}}/api/product/3","host":["{{base_url}}"],"path":["api","product","3"]}},"response":[]},{"name":"Update a Product","event":[{"listen":"test","script":{"id":"7104d175-6968-4033-9eae-0a17bbe43733","exec":["var contentTypeHeaderExists = responseHeaders.hasOwnProperty(\"Content-Type\");","tests[\"Has Content-Type\"] = contentTypeHeaderExists;","","if (contentTypeHeaderExists) {","tests[\"Content-Type is application/json\"] =","responseHeaders[\"Content-Type\"].has(\"application/json\");","}","","tests[\"Status code is 200\"] = responseCode.code === 200;"],"type":"text/javascript"}}],"_postman_id":"f70775f9-1fad-4dfb-b3df-b88d6c35e778","protocolProfileBehavior":{"disableBodyPruning":true},"request":{"method":"PUT","header":[{"key":"Content-Type","name":"Content-Type","value":"application/json","type":"text"}],"body":{"mode":"raw","raw":"{\n\t\"fabricPlanId\": 6,\n    \"name\": \"plano de fabrico do produto 3 update\",\n    \"description\": \" descrição do prod update\",\n    \"price\": 1003,\n    \"active\": false\n}"},"url":{"raw":"{{base_url}}/api/product/3","host":["{{base_url}}"],"path":["api","product","3"]}},"response":[]},{"name":"Updated Product","event":[{"listen":"test","script":{"id":"4f67d889-4dd0-4ea8-a12a-288b13247e61","exec":["var contentTypeHeaderExists = responseHeaders.hasOwnProperty(\"Content-Type\");","tests[\"Has Content-Type\"] = contentTypeHeaderExists;","","if (contentTypeHeaderExists) {","tests[\"Content-Type is application/json\"] =","responseHeaders[\"Content-Type\"].has(\"application/json\");","}","","tests[\"Body contains fabricPlanId\"] = responseBody.has(\"fabricPlanId\");","tests[\"Body contains name\"] = responseBody.has(\"name\");","tests[\"Body contains description\"] = responseBody.has(\"description\");","tests[\"Body contains price\"] = responseBody.has(\"price\");","tests[\"Body contains active\"] = responseBody.has(\"active\");"],"type":"text/javascript"}}],"_postman_id":"7456eed7-7b8b-429d-ad2c-82b63bfd0f78","protocolProfileBehavior":{"disableBodyPruning":true},"request":{"method":"GET","header":[{"key":"Content-Type","type":"text","value":"application/json"}],"url":{"raw":"{{base_url}}/api/product/3","host":["{{base_url}}"],"path":["api","product","3"]}},"response":[]},{"name":"Delete a specific Product","event":[{"listen":"test","script":{"id":"3357c4ba-c1b3-4867-bc82-fd49692c9cbd","exec":["var contentTypeHeaderExists = responseHeaders.hasOwnProperty(\"Content-Type\");","tests[\"Has Content-Type\"] = contentTypeHeaderExists;","","if (contentTypeHeaderExists) {","tests[\"Content-Type is application/json\"] =","responseHeaders[\"Content-Type\"].has(\"application/json\");","}","","tests[\"Status code is 201\"] = responseCode.code === 201;"],"type":"text/javascript"}}],"_postman_id":"8b869766-26ed-439a-8dbb-59e1d5d26b1e","protocolProfileBehavior":{"disableBodyPruning":true},"request":{"method":"DELETE","header":[{"key":"Content-Type","value":"application/json","type":"text"}],"url":{"raw":"{{base_url}}/api/product/31","host":["{{base_url}}"],"path":["api","product","31"]}},"response":[]},{"name":"Product after Delete","event":[{"listen":"test","script":{"id":"4f67d889-4dd0-4ea8-a12a-288b13247e61","exec":["var contentTypeHeaderExists = responseHeaders.hasOwnProperty(\"Content-Type\");","tests[\"Has Content-Type\"] = contentTypeHeaderExists;","","if (contentTypeHeaderExists) {","tests[\"Content-Type is application/json\"] =","responseHeaders[\"Content-Type\"].has(\"application/json\");","}"],"type":"text/javascript"}}],"_postman_id":"afd597b2-9aaf-46d7-bd8c-3a42a8f1f7d1","protocolProfileBehavior":{"disableBodyPruning":true},"request":{"method":"GET","header":[{"key":"Content-Type","value":"application/json","type":"text"}],"url":{"raw":"{{base_url}}/api/product/31","host":["{{base_url}}"],"path":["api","product","31"]}},"response":[]}],"_postman_id":"c5a1386d-12b5-4b70-8b2e-58614a22bea0"},{"name":"FabricPlan","item":[{"name":"All fabric plans","event":[{"listen":"test","script":{"id":"dca192ba-f98f-422b-9569-c30c90989ae9","exec":["var contentTypeHeaderExists = responseHeaders.hasOwnProperty(\"Content-Type\");","tests[\"Has Content-Type\"] = contentTypeHeaderExists;","","if (contentTypeHeaderExists) {","tests[\"Content-Type is application/json\"] =","responseHeaders[\"Content-Type\"].has(\"application/json\");","}","","tests[\"Body contains fabricPlanId\"] = responseBody.has(\"id\");","tests[\"Body contains Description\"] = responseBody.has(\"description\");","tests[\"Body contains OperationsIds\"] = responseBody.has(\"operationsIds\");","tests[\"Body contains DateStart\"] = responseBody.has(\"dateStart\");"],"type":"text/javascript"}}],"_postman_id":"7fb03ef5-eaa4-44ed-a370-2cbf3a7de9e4","protocolProfileBehavior":{"disableBodyPruning":true},"request":{"method":"GET","header":[{"key":"Content-Type","value":"application/json","type":"text"}],"url":{"raw":"{{base_url}}/api/fabricplan","host":["{{base_url}}"],"path":["api","fabricplan"]}},"response":[]},{"name":"Specific Fabric Plan","event":[{"listen":"test","script":{"id":"4f67d889-4dd0-4ea8-a12a-288b13247e61","exec":["var contentTypeHeaderExists = responseHeaders.hasOwnProperty(\"Content-Type\");","tests[\"Has Content-Type\"] = contentTypeHeaderExists;","","if (contentTypeHeaderExists) {","tests[\"Content-Type is application/json\"] =","responseHeaders[\"Content-Type\"].has(\"application/json\");","}","","tests[\"Body contains fabricPlanId\"] = responseBody.has(\"id\");","tests[\"Body contains Description\"] = responseBody.has(\"description\");","tests[\"Body contains OperationsIds\"] = responseBody.has(\"operationsIds\");","tests[\"Body contains DateStart\"] = responseBody.has(\"dateStart\");"],"type":"text/javascript"}}],"_postman_id":"48be46de-3d71-40b7-b62d-e3dba8cad047","protocolProfileBehavior":{"disableBodyPruning":true},"request":{"method":"GET","header":[{"key":"Content-Type","value":"application/json","type":"text"}],"url":{"raw":"{{base_url}}/api/fabricplan/1","host":["{{base_url}}"],"path":["api","fabricplan","1"]}},"response":[]},{"name":"Create a Fabric Plan","event":[{"listen":"test","script":{"id":"412befd9-f0c4-4784-8981-bc3df4e651d6","exec":["var contentTypeHeaderExists = responseHeaders.hasOwnProperty(\"Content-Type\");","tests[\"Has Content-Type\"] = contentTypeHeaderExists;","","if (contentTypeHeaderExists) {","tests[\"Content-Type is application/json\"] =","responseHeaders[\"Content-Type\"].has(\"application/json\");","}","","tests[\"Status code is 200\"] = responseCode.code === 200;"],"type":"text/javascript"}}],"_postman_id":"3ae29431-7b28-4e18-b324-3b0dba28b6d2","protocolProfileBehavior":{"disableBodyPruning":true},"request":{"method":"POST","header":[{"key":"Content-Type","value":"application/json","type":"text"}],"body":{"mode":"raw","raw":"{\n    \"description\": \" plano de fabrico novo\",\n    \"datestart\": \"2019-10-30T00:00:00\",\n    \"OperationsIds\": [2,4]\n}"},"url":{"raw":"{{base_url}}/api/fabricplan/","host":["{{base_url}}"],"path":["api","fabricplan",""]}},"response":[]},{"name":"Update a fabric plan","event":[{"listen":"test","script":{"id":"7104d175-6968-4033-9eae-0a17bbe43733","exec":["var contentTypeHeaderExists = responseHeaders.hasOwnProperty(\"Content-Type\");","tests[\"Has Content-Type\"] = contentTypeHeaderExists;","","if (contentTypeHeaderExists) {","tests[\"Content-Type is application/json\"] =","responseHeaders[\"Content-Type\"].has(\"application/json\");","}","","tests[\"Status code is 200\"] = responseCode.code === 200;"],"type":"text/javascript"}}],"_postman_id":"6f03bea9-a70e-406e-8b34-e1f63bf23a0f","protocolProfileBehavior":{"disableBodyPruning":true},"request":{"method":"PUT","header":[{"key":"Content-Type","value":"application/json","type":"text"}],"body":{"mode":"raw","raw":"{\n    \"description\": \" descrição do fabric plan\",\n    \"OperationsIds\": [1,4]\n}"},"url":{"raw":"{{base_url}}/api/fabricplan/16","host":["{{base_url}}"],"path":["api","fabricplan","16"]}},"response":[]},{"name":"Delete a specific Fabric Plan","event":[{"listen":"test","script":{"id":"3357c4ba-c1b3-4867-bc82-fd49692c9cbd","exec":["var contentTypeHeaderExists = responseHeaders.hasOwnProperty(\"Content-Type\");","tests[\"Has Content-Type\"] = contentTypeHeaderExists;","","if (contentTypeHeaderExists) {","tests[\"Content-Type is application/json\"] =","responseHeaders[\"Content-Type\"].has(\"application/json\");","}","","tests[\"Status code is 200\"] = responseCode.code === 200;"],"type":"text/javascript"}}],"_postman_id":"107f1524-46a4-4878-8abb-6d8f37830985","protocolProfileBehavior":{"disableBodyPruning":true},"request":{"method":"DELETE","header":[{"key":"Content-Type","value":"application/json","type":"text"}],"url":{"raw":"{{base_url}}/api/fabricplan/5","host":["{{base_url}}"],"path":["api","fabricplan","5"]}},"response":[]},{"name":"Specific Fabric Plan after Delete","event":[{"listen":"test","script":{"id":"4f67d889-4dd0-4ea8-a12a-288b13247e61","exec":["var contentTypeHeaderExists = responseHeaders.hasOwnProperty(\"Content-Type\");","tests[\"Has Content-Type\"] = contentTypeHeaderExists;","","if (contentTypeHeaderExists) {","tests[\"Content-Type is application/json\"] =","responseHeaders[\"Content-Type\"].has(\"application/json\");","}","","tests[\"Body contains Description\"] = responseBody.has(\"description\");","tests[\"Body contains OperationsIds\"] = responseBody.has(\"operationsIds\");","tests[\"Body contains DateStart\"] = responseBody.has(\"dateStart\");"],"type":"text/javascript"}}],"_postman_id":"ef725e76-dfe3-4106-9ec5-e8e03c1eb641","protocolProfileBehavior":{"disableBodyPruning":true},"request":{"method":"GET","header":[{"key":"Content-Type","value":"application/json","type":"text"}],"url":{"raw":"{{base_url}}/api/fabricplan/5","host":["{{base_url}}"],"path":["api","fabricplan","5"]}},"response":[]}],"_postman_id":"d1d15bd0-5fd9-4ca5-97fe-5e104160f07d"}],"event":[{"listen":"prerequest","script":{"id":"9ff645df-c8f7-41ab-8227-aa9e8d88b7ac","type":"text/javascript","exec":[""]}},{"listen":"test","script":{"id":"442b52b1-5ce9-469a-a46b-3b7635c4496e","type":"text/javascript","exec":[""]}}],"variable":[{"id":"ce9bbce0-c56e-4d27-9213-d3683ecab0e6","key":"base_url","value":"localhost:44375","type":"string"}]}