{"info":{"_postman_id":"34ae8479-64f5-4202-9fad-c407e490210b","name":"MDP","schema":"https://schema.getpostman.com/json/collection/v2.1.0/collection.json"},"item":[{"name":"TypeMachine","item":[{"name":"All Type of Machine","event":[{"listen":"test","script":{"id":"0db1de29-6f2b-4adc-a28a-5d7ff89fd691","exec":["var contentTypeHeaderExists = responseHeaders.hasOwnProperty(\"Content-Type\");","tests[\"Has Content-Type\"] = contentTypeHeaderExists;","","if (contentTypeHeaderExists) {","tests[\"Content-Type is application/json\"] =","responseHeaders[\"Content-Type\"].has(\"application/json\");","}","","tests[\"Body contains typeMachineID\"] = responseBody.has(\"id\");","tests[\"Body contains description\"] = responseBody.has(\"description\");","tests[\"Body contains OperationsIds\"] = responseBody.has(\"operationsIds\");"],"type":"text/javascript"}}],"_postman_id":"0bd94570-5c20-4a68-a941-0d429488f03c","protocolProfileBehavior":{"disableBodyPruning":true},"request":{"method":"GET","header":[{"key":"Content-Type","value":"application/json","type":"text"}],"url":{"raw":"{{base_url}}/api/TypeMachine","host":["{{base_url}}"],"path":["api","TypeMachine"]}},"response":[]},{"name":"Specific Type of Machine","event":[{"listen":"test","script":{"id":"9b236274-705e-43ce-8f2b-5fcc49f97104","exec":["var contentTypeHeaderExists = responseHeaders.hasOwnProperty(\"Content-Type\");","tests[\"Has Content-Type\"] = contentTypeHeaderExists;","","if (contentTypeHeaderExists) {","tests[\"Content-Type is application/json\"] =","responseHeaders[\"Content-Type\"].has(\"application/json\");","}","","tests[\"Body contains Id\"] = responseBody.has(\"id\");","tests[\"Body contains description\"] = responseBody.has(\"description\");",""],"type":"text/javascript"}}],"_postman_id":"dbac5901-6d2d-492a-a49a-0668dbd49562","protocolProfileBehavior":{"disableBodyPruning":true},"request":{"method":"GET","header":[{"key":"Content-Type","value":"application/json","type":"text"}],"url":{"raw":"{{base_url}}/api/TypeMachine/3","host":["{{base_url}}"],"path":["api","TypeMachine","3"]}},"response":[]},{"name":"Machines of Type Machine","event":[{"listen":"test","script":{"id":"9b236274-705e-43ce-8f2b-5fcc49f97104","exec":["var contentTypeHeaderExists = responseHeaders.hasOwnProperty(\"Content-Type\");","tests[\"Has Content-Type\"] = contentTypeHeaderExists;","","if (contentTypeHeaderExists) {","tests[\"Content-Type is application/json\"] =","responseHeaders[\"Content-Type\"].has(\"application/json\");","}",""],"type":"text/javascript"}}],"_postman_id":"cc02c528-d9b3-4027-9b50-819e54f0a460","protocolProfileBehavior":{"disableBodyPruning":true},"request":{"method":"GET","header":[{"key":"Content-Type","value":"application/json","type":"text"}],"url":{"raw":"{{base_url}}/api/TypeMachine/1/Machines","host":["{{base_url}}"],"path":["api","TypeMachine","1","Machines"]}},"response":[]},{"name":"Opeations of Type Machine","event":[{"listen":"test","script":{"id":"9b236274-705e-43ce-8f2b-5fcc49f97104","exec":["var contentTypeHeaderExists = responseHeaders.hasOwnProperty(\"Content-Type\");","tests[\"Has Content-Type\"] = contentTypeHeaderExists;","","if (contentTypeHeaderExists) {","tests[\"Content-Type is application/json\"] =","responseHeaders[\"Content-Type\"].has(\"application/json\");","}",""],"type":"text/javascript"}}],"_postman_id":"a734d96f-38bd-4b6f-9a77-c11cd553fdee","protocolProfileBehavior":{"disableBodyPruning":true},"request":{"method":"GET","header":[{"key":"Content-Type","value":"application/json","type":"text"}],"url":{"raw":"{{base_url}}/api/TypeMachine/5/operations","host":["{{base_url}}"],"path":["api","TypeMachine","5","operations"]}},"response":[]},{"name":"Create a Type of Machine","event":[{"listen":"test","script":{"id":"a514c5a8-480f-4e40-a9d0-78d422ffda33","exec":["var contentTypeHeaderExists = responseHeaders.hasOwnProperty(\"Content-Type\");","tests[\"Has Content-Type\"] = contentTypeHeaderExists;","","if (contentTypeHeaderExists) {","tests[\"Content-Type is application/json\"] =","responseHeaders[\"Content-Type\"].has(\"application/json\");","}","","tests[\"Status code is 200\"] = responseCode.code === 200;"],"type":"text/javascript"}}],"_postman_id":"c5a7f511-8e96-4db4-8167-55b03421dd62","protocolProfileBehavior":{"disableBodyPruning":true},"request":{"method":"POST","header":[{"key":"Content-Type","type":"text","value":"application/json"}],"body":{"mode":"raw","raw":"{\n\t\"Description\": \"it works\",\n\t\"OperationsIds\": [5,2]\n}"},"url":{"raw":"{{base_url}}/api/TypeMachine","host":["{{base_url}}"],"path":["api","TypeMachine"]}},"response":[]},{"name":"Update a Type of Machine","event":[{"listen":"test","script":{"id":"a514c5a8-480f-4e40-a9d0-78d422ffda33","exec":["var contentTypeHeaderExists = responseHeaders.hasOwnProperty(\"Content-Type\");","tests[\"Has Content-Type\"] = contentTypeHeaderExists;","","if (contentTypeHeaderExists) {","tests[\"Content-Type is application/json\"] =","responseHeaders[\"Content-Type\"].has(\"application/json\");","}","","tests[\"Status code is 200\"] = responseCode.code === 200;"],"type":"text/javascript"}}],"_postman_id":"4ba27f89-d94e-4ab8-ac4d-fafe8749facf","protocolProfileBehavior":{"disableBodyPruning":true},"request":{"method":"PUT","header":[{"key":"Content-Type","value":"application/json","type":"text"}],"body":{"mode":"raw","raw":"{\n\t\"Description\": \" descrição do novo tipo de máquina updated\",\n\t\"OperationsIds\": [1,3]\n}"},"url":{"raw":"{{base_url}}/api/TypeMachine/3","host":["{{base_url}}"],"path":["api","TypeMachine","3"]}},"response":[]},{"name":"Delete a specific Type of Machine","event":[{"listen":"test","script":{"id":"a514c5a8-480f-4e40-a9d0-78d422ffda33","exec":["var contentTypeHeaderExists = responseHeaders.hasOwnProperty(\"Content-Type\");","tests[\"Has Content-Type\"] = contentTypeHeaderExists;","","if (contentTypeHeaderExists) {","tests[\"Content-Type is application/json\"] =","responseHeaders[\"Content-Type\"].has(\"application/json\");","}","","tests[\"Status code is 201\"] = responseCode.code === 201;"],"type":"text/javascript"}}],"_postman_id":"7b931d81-93cd-4332-a2b6-a43d0f75c83e","protocolProfileBehavior":{"disableBodyPruning":true},"request":{"method":"DELETE","header":[{"key":"Content-Type","type":"text","value":"application/json"}],"url":{"raw":"{{base_url}}/api/TypeMachine/5","host":["{{base_url}}"],"path":["api","TypeMachine","5"]}},"response":[]}],"_postman_id":"603ac803-f8de-4b0c-b252-260a3590579c"},{"name":"Machine","item":[{"name":"All Machine","event":[{"listen":"test","script":{"id":"0db1de29-6f2b-4adc-a28a-5d7ff89fd691","exec":["var contentTypeHeaderExists = responseHeaders.hasOwnProperty(\"Content-Type\");","tests[\"Has Content-Type\"] = contentTypeHeaderExists;","","if (contentTypeHeaderExists) {","tests[\"Content-Type is application/json\"] =","responseHeaders[\"Content-Type\"].has(\"application/json\");","}","","tests[\"Body contains Id\"] = responseBody.has(\"id\");","tests[\"Body contains IdTypeMachine\"] = responseBody.has(\"idTypeMachine\");","tests[\"Body contains Brand\"] = responseBody.has(\"brand\");","tests[\"Body contains Model\"] = responseBody.has(\"model\");","tests[\"Body contains Localization\"] = responseBody.has(\"localization\");","tests[\"Body contains Description\"] = responseBody.has(\"description\");","tests[\"Body contains InspectionDate\"] = responseBody.has(\"inspectionDate\");","tests[\"Body contains StatusOperational\"] = responseBody.has(\"statusOperational\");"],"type":"text/javascript"}}],"_postman_id":"5be5c2f2-6eb7-4bf5-bd3c-923a787f33c4","protocolProfileBehavior":{"disableBodyPruning":true},"request":{"method":"GET","header":[{"key":"Content-Type","value":"application/json","type":"text"}],"url":{"raw":"{{base_url}}/api/Machine","host":["{{base_url}}"],"path":["api","Machine"]}},"response":[]},{"name":"Specific Machine","event":[{"listen":"test","script":{"id":"9b236274-705e-43ce-8f2b-5fcc49f97104","exec":["var contentTypeHeaderExists = responseHeaders.hasOwnProperty(\"Content-Type\");","tests[\"Has Content-Type\"] = contentTypeHeaderExists;","","if (contentTypeHeaderExists) {","tests[\"Content-Type is application/json\"] =","responseHeaders[\"Content-Type\"].has(\"application/json\");","}","","tests[\"Body contains Id\"] = responseBody.has(\"id\");","tests[\"Body contains IdTypeMachine\"] = responseBody.has(\"idTypeMachine\");","tests[\"Body contains Brand\"] = responseBody.has(\"brand\");","tests[\"Body contains Model\"] = responseBody.has(\"model\");","tests[\"Body contains Localization\"] = responseBody.has(\"localization\");","tests[\"Body contains Description\"] = responseBody.has(\"description\");","tests[\"Body contains InspectionDate\"] = responseBody.has(\"inspectionDate\");","tests[\"Body contains StatusOperational\"] = responseBody.has(\"statusOperational\");"],"type":"text/javascript"}}],"_postman_id":"516ea9db-e93e-44b6-83b8-47cf0e75ddd8","protocolProfileBehavior":{"disableBodyPruning":true},"request":{"method":"GET","header":[{"key":"Content-Type","value":"application/json","type":"text"}],"url":{"raw":"{{base_url}}/api/Machine/1","host":["{{base_url}}"],"path":["api","Machine","1"]}},"response":[]},{"name":"Create a Machine","event":[{"listen":"test","script":{"id":"a514c5a8-480f-4e40-a9d0-78d422ffda33","exec":["var contentTypeHeaderExists = responseHeaders.hasOwnProperty(\"Content-Type\");","tests[\"Has Content-Type\"] = contentTypeHeaderExists;","","if (contentTypeHeaderExists) {","tests[\"Content-Type is application/json\"] =","responseHeaders[\"Content-Type\"].has(\"application/json\");","}","","tests[\"Status code is 200\"] = responseCode.code === 200;"],"type":"text/javascript"}}],"_postman_id":"3918fb8a-7eaf-426a-96e6-204477a08455","protocolProfileBehavior":{"disableBodyPruning":true},"request":{"method":"POST","header":[{"key":"Content-Type","type":"text","value":"application/json"}],"body":{"mode":"raw","raw":"{\n\t\"IdTypeMachine\": 1,\n\t\"Brand\": \"tt\",\n\t\"Model\": \"ss\",\n\t\"Localization\": \"fabric\",\n\t\"Description\": \"works\",\n\t\"InspectionDate\": \"2019-10-30T00:00:00\",\n\t\"StatusOperational\": 1\n}"},"url":{"raw":"{{base_url}}/api/Machine","host":["{{base_url}}"],"path":["api","Machine"]}},"response":[]},{"name":"Update a Machine","event":[{"listen":"test","script":{"id":"a514c5a8-480f-4e40-a9d0-78d422ffda33","exec":["var contentTypeHeaderExists = responseHeaders.hasOwnProperty(\"Content-Type\");","tests[\"Has Content-Type\"] = contentTypeHeaderExists;","","if (contentTypeHeaderExists) {","tests[\"Content-Type is application/json\"] =","responseHeaders[\"Content-Type\"].has(\"application/json\");","}","","tests[\"Status code is 200\"] = responseCode.code === 200;"],"type":"text/javascript"}}],"_postman_id":"74ce1dab-0176-4c1d-9f47-6541f123de85","protocolProfileBehavior":{"disableBodyPruning":true},"request":{"method":"PUT","header":[{"key":"Content-Type","value":"application/json","type":"text"}],"body":{"mode":"raw","raw":"{\n\t\"IdTypeMachine\": 4,\n\t\"Brand\": \"Swarovski\",\n\t\"Model\": \"Zinc\",\n\t\"Localization\": \"fabric\",\n\t\"Description\": \"works updated\",\n\t\"InspectionDate\": \"2019-10-30T00:00:00\",\n\t\"StatusOperational\": 1\n}"},"url":{"raw":"{{base_url}}/api/Machine/3","host":["{{base_url}}"],"path":["api","Machine","3"]}},"response":[]},{"name":"Delete a specific Machine","event":[{"listen":"test","script":{"id":"a514c5a8-480f-4e40-a9d0-78d422ffda33","exec":["var contentTypeHeaderExists = responseHeaders.hasOwnProperty(\"Content-Type\");","tests[\"Has Content-Type\"] = contentTypeHeaderExists;","","if (contentTypeHeaderExists) {","tests[\"Content-Type is application/json\"] =","responseHeaders[\"Content-Type\"].has(\"application/json\");","}","","tests[\"Status code is 201\"] = responseCode.code === 201;"],"type":"text/javascript"}}],"_postman_id":"5e7d1d8b-dfe8-484b-a26b-4f2726cb2f91","protocolProfileBehavior":{"disableBodyPruning":true},"request":{"method":"DELETE","header":[{"key":"Content-Type","type":"text","value":"application/json"}],"url":{"raw":"{{base_url}}/api/Machine/4","host":["{{base_url}}"],"path":["api","Machine","4"]}},"response":[]}],"_postman_id":"e4ee5cc6-d724-4df1-9763-da7165e465cf"},{"name":"ProductionLine","item":[{"name":"All Production Line","event":[{"listen":"test","script":{"id":"0db1de29-6f2b-4adc-a28a-5d7ff89fd691","exec":["var contentTypeHeaderExists = responseHeaders.hasOwnProperty(\"Content-Type\");","tests[\"Has Content-Type\"] = contentTypeHeaderExists;","","if (contentTypeHeaderExists) {","tests[\"Content-Type is application/json\"] =","responseHeaders[\"Content-Type\"].has(\"application/json\");","}","","tests[\"Body contains idProductionLine\"] = responseBody.has(\"id\");","tests[\"Body contains machinesIds\"] = responseBody.has(\"machinesIds\");","tests[\"Body contains description\"] = responseBody.has(\"description\");","tests[\"Body contains productionLineNumber\"] = responseBody.has(\"productionLineNumber\");","tests[\"Body contains dateOperationStarted\"] = responseBody.has(\"dateOperationStarted\");","tests[\"Body contains dateOperationFinished\"] = responseBody.has(\"dateOperationFinished\");","tests[\"Body contains active\"] = responseBody.has(\"active\");","tests[\"Body contains dailyProductionCapacity\"] = responseBody.has(\"dailyProductionCapacity\");",""],"type":"text/javascript"}}],"_postman_id":"3bc54e22-521d-44ac-8164-ab411a47eaea","protocolProfileBehavior":{"disableBodyPruning":true},"request":{"method":"GET","header":[{"key":"Content-Type","value":"application/json","type":"text"}],"url":{"raw":"{{base_url}}/api/ProductionLine","host":["{{base_url}}"],"path":["api","ProductionLine"]}},"response":[]},{"name":"Specific Production Line","event":[{"listen":"test","script":{"id":"9b236274-705e-43ce-8f2b-5fcc49f97104","exec":["var contentTypeHeaderExists = responseHeaders.hasOwnProperty(\"Content-Type\");","tests[\"Has Content-Type\"] = contentTypeHeaderExists;","","if (contentTypeHeaderExists) {","tests[\"Content-Type is application/json\"] =","responseHeaders[\"Content-Type\"].has(\"application/json\");","}","","tests[\"Body contains id\"] = responseBody.has(\"id\");","tests[\"Body contains description\"] = responseBody.has(\"description\");","tests[\"Body contains productionLineNumber\"] = responseBody.has(\"productionLineNumber\");","tests[\"Body contains dateOperationStarted\"] = responseBody.has(\"dateOperationStarted\");","tests[\"Body contains dateOperationFinished\"] = responseBody.has(\"dateOperationFinished\");","tests[\"Body contains active\"] = responseBody.has(\"active\");","tests[\"Body contains dailyProductionCapacity\"] = responseBody.has(\"dailyProductionCapacity\");",""],"type":"text/javascript"}}],"_postman_id":"2f0598c2-6cb6-41af-b22f-63ae0a58389a","protocolProfileBehavior":{"disableBodyPruning":true},"request":{"method":"GET","header":[{"key":"Content-Type","value":"application/json","type":"text"}],"url":{"raw":"{{base_url}}/api/ProductionLine/1","host":["{{base_url}}"],"path":["api","ProductionLine","1"]}},"response":[]},{"name":"Create a Production Line","event":[{"listen":"test","script":{"id":"a514c5a8-480f-4e40-a9d0-78d422ffda33","exec":["var contentTypeHeaderExists = responseHeaders.hasOwnProperty(\"Content-Type\");","tests[\"Has Content-Type\"] = contentTypeHeaderExists;","","if (contentTypeHeaderExists) {","tests[\"Content-Type is application/json\"] =","responseHeaders[\"Content-Type\"].has(\"application/json\");","}","","tests[\"Status code is 200\"] = responseCode.code === 200;"],"type":"text/javascript"}}],"_postman_id":"0d32fb68-2e5b-464e-85c1-93fde5d99e0b","protocolProfileBehavior":{"disableBodyPruning":true},"request":{"method":"POST","header":[{"key":"Content-Type","type":"text","value":"application/json"}],"body":{"mode":"raw","raw":"{\n\t\"MachinesIds\": [1,2],\n\t\"Description\": \" descrição da nova máquina\",\n\t\"ProductionLineNumber\": 1,\n\t\"DateOperationStarted\": \"2019-10-26T00:00:00\",\n\t\"DateOperationFinished\": \"2019-10-30T00:00:00\",\n\t\"Active\": true,\n\t\"DailyProductionCapacity\": \"5000\"\n}"},"url":{"raw":"{{base_url}}/api/ProductionLine","host":["{{base_url}}"],"path":["api","ProductionLine"]}},"response":[]},{"name":"Update a Production Line","event":[{"listen":"test","script":{"id":"a514c5a8-480f-4e40-a9d0-78d422ffda33","exec":["var contentTypeHeaderExists = responseHeaders.hasOwnProperty(\"Content-Type\");","tests[\"Has Content-Type\"] = contentTypeHeaderExists;","","if (contentTypeHeaderExists) {","tests[\"Content-Type is application/json\"] =","responseHeaders[\"Content-Type\"].has(\"application/json\");","}","","tests[\"Status code is 200\"] = responseCode.code === 200;"],"type":"text/javascript"}}],"_postman_id":"92e2425d-09d6-49be-a925-34cd7602b911","protocolProfileBehavior":{"disableBodyPruning":true},"request":{"method":"PUT","header":[{"key":"Content-Type","value":"application/json","type":"text"}],"body":{"mode":"raw","raw":"{\n\t\"MachinesIds\": [7],\n\t\"Description\": \" descrição da nova máquina updated\",\n\t\"ProductionLineNumber\": \"1\",\n\t\"DateOperationStarted\": \"2020-10-26T00:00:00\",\n\t\"DateOperatedFinished\": \"2020-10-30T00:00:00\",\n\t\"Active\": true,\n\t\"DailyProductionCapacity\": \"5000\"\n}"},"url":{"raw":"{{base_url}}/api/ProductionLine/3","host":["{{base_url}}"],"path":["api","ProductionLine","3"]}},"response":[]},{"name":"Delete a specific Production Line","event":[{"listen":"test","script":{"id":"a514c5a8-480f-4e40-a9d0-78d422ffda33","exec":["var contentTypeHeaderExists = responseHeaders.hasOwnProperty(\"Content-Type\");","tests[\"Has Content-Type\"] = contentTypeHeaderExists;","","if (contentTypeHeaderExists) {","tests[\"Content-Type is application/json\"] =","responseHeaders[\"Content-Type\"].has(\"application/json\");","}","","tests[\"Status code is 201\"] = responseCode.code === 201;"],"type":"text/javascript"}}],"_postman_id":"2029f0ab-3d67-4d20-916d-6120bade03f9","protocolProfileBehavior":{"disableBodyPruning":true},"request":{"method":"DELETE","header":[{"key":"Content-Type","type":"text","value":"application/json"}],"url":{"raw":"{{base_url}}/api/ProductionLine/4","host":["{{base_url}}"],"path":["api","ProductionLine","4"]}},"response":[]}],"_postman_id":"78a3a775-517f-48c5-a5ed-ef2795f6c83a"},{"name":"Operation","item":[{"name":"All Operation","event":[{"listen":"test","script":{"id":"0db1de29-6f2b-4adc-a28a-5d7ff89fd691","exec":["var contentTypeHeaderExists = responseHeaders.hasOwnProperty(\"Content-Type\");","tests[\"Has Content-Type\"] = contentTypeHeaderExists;","","if (contentTypeHeaderExists) {","tests[\"Content-Type is application/json\"] =","responseHeaders[\"Content-Type\"].has(\"application/json\");","}","","tests[\"Body contains idOperation\"] = responseBody.has(\"id\");","tests[\"Body contains description\"] = responseBody.has(\"description\");"],"type":"text/javascript"}}],"_postman_id":"09200025-064c-43c9-8fa6-f62ca89e5dfa","protocolProfileBehavior":{"disableBodyPruning":true},"request":{"method":"GET","header":[{"key":"Content-Type","value":"application/json","type":"text"}],"url":{"raw":"{{base_url}}/api/operation","host":["{{base_url}}"],"path":["api","operation"]}},"response":[]},{"name":"Specific Operation","event":[{"listen":"test","script":{"id":"9b236274-705e-43ce-8f2b-5fcc49f97104","exec":["var contentTypeHeaderExists = responseHeaders.hasOwnProperty(\"Content-Type\");","tests[\"Has Content-Type\"] = contentTypeHeaderExists;","","if (contentTypeHeaderExists) {","tests[\"Content-Type is application/json\"] =","responseHeaders[\"Content-Type\"].has(\"application/json\");","}","","tests[\"Body contains id\"] = responseBody.has(\"id\");","tests[\"Body contains description\"] = responseBody.has(\"description\");"],"type":"text/javascript"}}],"_postman_id":"2247bf9a-26ca-491d-869c-8fd51820f7da","protocolProfileBehavior":{"disableBodyPruning":true},"request":{"method":"GET","header":[{"key":"Content-Type","value":"application/json","type":"text"}],"url":{"raw":"{{base_url}}/api/operation/1","host":["{{base_url}}"],"path":["api","operation","1"]}},"response":[]},{"name":"Create a Operation","event":[{"listen":"test","script":{"id":"a514c5a8-480f-4e40-a9d0-78d422ffda33","exec":["var contentTypeHeaderExists = responseHeaders.hasOwnProperty(\"Content-Type\");","tests[\"Has Content-Type\"] = contentTypeHeaderExists;","","if (contentTypeHeaderExists) {","tests[\"Content-Type is application/json\"] =","responseHeaders[\"Content-Type\"].has(\"application/json\");","}","","tests[\"Status code is 200\"] = responseCode.code === 200;"],"type":"text/javascript"}}],"_postman_id":"47599400-bac1-43d0-8093-57eee91e9a6e","protocolProfileBehavior":{"disableBodyPruning":true},"request":{"method":"POST","header":[{"key":"Content-Type","type":"text","value":"application/json"}],"body":{"mode":"raw","raw":"{\n\t\"description\": \"Operation new\"\n}"},"url":{"raw":"{{base_url}}/api/operation","host":["{{base_url}}"],"path":["api","operation"]}},"response":[]},{"name":"Update a Operation","event":[{"listen":"test","script":{"id":"a514c5a8-480f-4e40-a9d0-78d422ffda33","exec":["var contentTypeHeaderExists = responseHeaders.hasOwnProperty(\"Content-Type\");","tests[\"Has Content-Type\"] = contentTypeHeaderExists;","","if (contentTypeHeaderExists) {","tests[\"Content-Type is application/json\"] =","responseHeaders[\"Content-Type\"].has(\"application/json\");","}","","tests[\"Status code is 200\"] = responseCode.code === 200;"],"type":"text/javascript"}}],"_postman_id":"feb5adcf-b8c9-42e3-aa9b-1d9094d7ebe4","protocolProfileBehavior":{"disableBodyPruning":true},"request":{"method":"PUT","header":[{"key":"Content-Type","type":"text","value":"application/json"}],"body":{"mode":"raw","raw":"{\n\t\"description\": \"teste\"\n}"},"url":{"raw":"{{base_url}}/api/operation/3","host":["{{base_url}}"],"path":["api","operation","3"]}},"response":[]},{"name":"Delete a specific Operation","event":[{"listen":"test","script":{"id":"a514c5a8-480f-4e40-a9d0-78d422ffda33","exec":["var contentTypeHeaderExists = responseHeaders.hasOwnProperty(\"Content-Type\");","tests[\"Has Content-Type\"] = contentTypeHeaderExists;","","if (contentTypeHeaderExists) {","tests[\"Content-Type is application/json\"] =","responseHeaders[\"Content-Type\"].has(\"application/json\");","}","","tests[\"Status code is 201\"] = responseCode.code === 201;"],"type":"text/javascript"}}],"_postman_id":"839a33ad-800e-4a46-bcca-b30fcc6b87d4","protocolProfileBehavior":{"disableBodyPruning":true},"request":{"method":"DELETE","header":[{"key":"Content-Type","type":"text","value":"application/json"}],"url":{"raw":"{{base_url}}/api/operation/4","host":["{{base_url}}"],"path":["api","operation","4"]}},"response":[]}],"_postman_id":"4bb453d9-394d-44c6-a729-74b3a0376ac4"}],"event":[{"listen":"prerequest","script":{"id":"ff5e1ab2-5f9b-4de5-8e0e-c23d885567ad","type":"text/javascript","exec":[""]}},{"listen":"test","script":{"id":"37cfc17a-42ff-49de-afa7-39dedbaf28ef","type":"text/javascript","exec":[""]}}],"variable":[{"id":"7bb327d4-f3a7-4cab-9a3c-7435d4929cd7","key":"base_url","value":"localhost:44376","type":"string"}]}