{"info":{"_postman_id":"5e8f2c46-5c64-4a4d-ab1d-b87eb6f673bd","name":"Monitoring a collection","schema":"https://schema.getpostman.com/json/collection/v2.1.0/collection.json"},"item":[{"name":"Postman Echo GET","_postman_id":"92eaf4a1-9996-4ded-adc2-9b7e1f98032c","protocolProfileBehavior":{"disableBodyPruning":true},"request":{"method":"GET","header":[],"url":{"raw":"https://postman-echo.com/get","protocol":"https","host":["postman-echo","com"],"path":["get"]}},"response":[]},{"name":"Postman Echo POST","event":[{"listen":"test","script":{"id":"d4b7f90b-ae5f-437c-bcab-774e2f9db077","exec":[""],"type":"text/javascript"}}],"_postman_id":"f132bf35-7fb2-4279-b09e-5a2c8fba415d","protocolProfileBehavior":{"disableBodyPruning":true},"request":{"method":"POST","header":[{"key":"Content-Type","name":"Content-Type","type":"text","value":"application/json"}],"body":{"mode":"raw","raw":"{\n\t\"method\": \"POST\"\n}"},"url":{"raw":"https://postman-echo.com/post","protocol":"https","host":["postman-echo","com"],"path":["post"]}},"response":[{"id":"e7d890d7-908a-4266-bba5-003a328ac328","name":"Success response","originalRequest":{"method":"POST","header":[{"key":"Content-Type","name":"Content-Type","value":"application/json","type":"text"}],"body":{"mode":"raw","raw":"{\n\t\"method\": \"POST\"\n}"},"url":{"raw":"https://postman-echo.com/post","protocol":"https","host":["postman-echo","com"],"path":["post"]}},"status":"OK","code":200,"_postman_previewlanguage":"json","header":[{"key":"Content-Encoding","value":"gzip"},{"key":"Content-Type","value":"application/json; charset=utf-8"},{"key":"Date","value":"Thu, 04 Oct 2018 13:16:50 GMT"},{"key":"ETag","value":"W/\"21a-6y1+9dLw9Ui/9TFPCS1aNOaKU38\""},{"key":"Server","value":"nginx"},{"key":"Vary","value":"Accept-Encoding"},{"key":"Content-Length","value":"376"},{"key":"Connection","value":"keep-alive"}],"cookie":[],"responseTime":null,"body":"{\n    \"args\": {},\n    \"data\": {\n        \"method\": \"POST\"\n    },\n    \"files\": {},\n    \"form\": {},\n    \"headers\": {\n        \"host\": \"postman-echo.com\",\n        \"content-length\": \"21\",\n        \"accept\": \"*/*\",\n        \"accept-encoding\": \"gzip, deflate\",\n        \"cache-control\": \"no-cache\",\n        \"content-type\": \"application/json\",\n        \"cookie\": \"sails.sid=s%3AG10mxUHVB65q6zAdIPRPk7kAxyMNpmeM.tn9m63fNTjoJBYkiUShtDIIliVwslI4ys8tvItjT2%2BA\",\n        \"postman-token\": \"e96e5264-9de6-4aa6-8737-3ab5489d561c\",\n        \"user-agent\": \"PostmanRuntime/7.3.0\",\n        \"x-forwarded-port\": \"443\",\n        \"x-forwarded-proto\": \"https\"\n    },\n    \"json\": {\n        \"method\": \"POST\"\n    },\n    \"url\": \"https://postman-echo.com/post\"\n}"}]},{"name":"Postman Echo PUT","event":[{"listen":"test","script":{"id":"d4b7f90b-ae5f-437c-bcab-774e2f9db077","exec":[""],"type":"text/javascript"}}],"_postman_id":"36c67324-a943-4687-a55d-df65986fc544","protocolProfileBehavior":{"disableBodyPruning":true},"request":{"method":"PUT","header":[{"key":"Content-Type","name":"Content-Type","value":"application/json","type":"text"}],"body":{"mode":"raw","raw":"{\n\t\"method\": \"PUT\"\n}"},"url":{"raw":"https://postman-echo.com/put","protocol":"https","host":["postman-echo","com"],"path":["put"]}},"response":[{"id":"299b1e85-51d4-41c8-a4a7-bc98a912d9ac","name":"Success response","originalRequest":{"method":"PUT","header":[{"key":"Content-Type","name":"Content-Type","value":"application/json","type":"text"}],"body":{"mode":"raw","raw":"{\n\t\"method\": \"PUT\"\n}"},"url":{"raw":"https://postman-echo.com/put","protocol":"https","host":["postman-echo","com"],"path":["put"]}},"status":"OK","code":200,"_postman_previewlanguage":"json","header":[{"key":"Content-Encoding","value":"gzip"},{"key":"Content-Type","value":"application/json; charset=utf-8"},{"key":"Date","value":"Thu, 04 Oct 2018 13:17:17 GMT"},{"key":"ETag","value":"W/\"217-JGHStdnnh3wMqCvlmgLBtwwN4Fo\""},{"key":"Server","value":"nginx"},{"key":"Vary","value":"Accept-Encoding"},{"key":"Content-Length","value":"376"},{"key":"Connection","value":"keep-alive"}],"cookie":[],"responseTime":null,"body":"{\n    \"args\": {},\n    \"data\": {\n        \"method\": \"PUT\"\n    },\n    \"files\": {},\n    \"form\": {},\n    \"headers\": {\n        \"host\": \"postman-echo.com\",\n        \"content-length\": \"20\",\n        \"accept\": \"*/*\",\n        \"accept-encoding\": \"gzip, deflate\",\n        \"cache-control\": \"no-cache\",\n        \"content-type\": \"application/json\",\n        \"cookie\": \"sails.sid=s%3AG10mxUHVB65q6zAdIPRPk7kAxyMNpmeM.tn9m63fNTjoJBYkiUShtDIIliVwslI4ys8tvItjT2%2BA\",\n        \"postman-token\": \"7024cdc0-4e44-40c6-9c96-25c68caf4c59\",\n        \"user-agent\": \"PostmanRuntime/7.3.0\",\n        \"x-forwarded-port\": \"443\",\n        \"x-forwarded-proto\": \"https\"\n    },\n    \"json\": {\n        \"method\": \"PUT\"\n    },\n    \"url\": \"https://postman-echo.com/put\"\n}"}]},{"name":"Postman Echo DELETE","event":[{"listen":"test","script":{"id":"21edd3b2-634c-4db2-bacb-d606558f7c3b","exec":[""],"type":"text/javascript"}}],"_postman_id":"950a5815-a344-4bf8-aee9-9866c3273996","protocolProfileBehavior":{"disableBodyPruning":true},"request":{"method":"DELETE","header":[{"key":"Content-Type","name":"Content-Type","value":"application/json","type":"text"}],"body":{"mode":"raw","raw":"{\n\t\"method\": \"DELETE\"\n}"},"url":{"raw":"https://postman-echo.com/delete","protocol":"https","host":["postman-echo","com"],"path":["delete"]}},"response":[{"id":"d8ea8607-1d60-449d-b4e5-764991108efb","name":"Success response","originalRequest":{"method":"DELETE","header":[{"key":"Content-Type","name":"Content-Type","value":"application/json","type":"text"}],"body":{"mode":"raw","raw":"{\n\t\"method\": \"DELETE\"\n}"},"url":{"raw":"https://postman-echo.com/delete","protocol":"https","host":["postman-echo","com"],"path":["delete"]}},"status":"OK","code":200,"_postman_previewlanguage":"json","header":[{"key":"Content-Encoding","value":"gzip"},{"key":"Content-Type","value":"application/json; charset=utf-8"},{"key":"Date","value":"Thu, 04 Oct 2018 13:18:26 GMT"},{"key":"ETag","value":"W/\"222-EaECC84U8vKhL8mPSvAGY65VBbc\""},{"key":"Server","value":"nginx"},{"key":"set-cookie","value":"sails.sid=s%3AcoeBrm0wyZAGMQpoxU7JX2keD4frWnPC.KqL1VbDNV8BVsT4ru1qfXLpbuloRyzdCwDKlWRbzUIA; Path=/; HttpOnly"},{"key":"Vary","value":"Accept-Encoding"},{"key":"Content-Length","value":"383"},{"key":"Connection","value":"keep-alive"}],"cookie":[],"responseTime":null,"body":"{\n    \"args\": {},\n    \"data\": {\n        \"method\": \"DELETE\"\n    },\n    \"files\": {},\n    \"form\": {},\n    \"headers\": {\n        \"host\": \"postman-echo.com\",\n        \"content-length\": \"23\",\n        \"accept\": \"*/*\",\n        \"accept-encoding\": \"gzip, deflate\",\n        \"cache-control\": \"no-cache\",\n        \"content-type\": \"application/json\",\n        \"cookie\": \"sails.sid=s%3ApG9SWO0OWeJMy_NIh2B_S4miHdP4l8x7.MaILgH0cG%2Fn9vprO60ke%2FopJhgNjqdUzdB0azeSEi38\",\n        \"postman-token\": \"06f28999-e374-474d-a830-506b1afe64e2\",\n        \"user-agent\": \"PostmanRuntime/7.3.0\",\n        \"x-forwarded-port\": \"443\",\n        \"x-forwarded-proto\": \"https\"\n    },\n    \"json\": {\n        \"method\": \"DELETE\"\n    },\n    \"url\": \"https://postman-echo.com/delete\"\n}"}]}],"event":[{"listen":"prerequest","script":{"id":"06d2bb9a-e55f-431e-b124-98ce9a7c4fd8","type":"text/javascript","exec":[""]}},{"listen":"test","script":{"id":"99d9d036-7a45-484d-9164-35ba6cdd3c7c","type":"text/javascript","exec":[""]}}]}