{"info":{"_postman_id":"66331a5a-1b1d-47a4-b598-d89f1217b1bb","name":"Type Machine","schema":"https://schema.getpostman.com/json/collection/v2.1.0/collection.json"},"item":[{"name":"Request Type Machine","_postman_id":"9763b7b5-773f-48d0-844c-933928f1934a","protocolProfileBehavior":{"disableBodyPruning":true},"request":{"method":"GET","header":[],"url":{"raw":""}},"response":[]},{"name":"ss","_postman_id":"6fc71741-4500-4473-b9a1-bfa05331d50b","protocolProfileBehavior":{"disableBodyPruning":true},"request":{"method":"GET","header":[],"url":{"raw":""},"description":"s"},"response":[]}]}